Date,Open*,High,Low,Close**,Volume,Market Cap
13-Nov-18,210.15,210.52,206.14,206.83,"1,610,260,000","21,341,261,802"
14-Nov-18,206.53,207.05,174.08,181.4,"2,595,330,000","18,721,032,761"
15-Nov-18,181.9,184.25,170.19,180.81,"2,638,410,000","18,663,659,629"
16-Nov-18,180.87,181.35,173.13,175.18,"2,015,330,000","18,086,156,169"
17-Nov-18,175.36,175.85,172.87,174,"1,832,800,000","17,968,221,715"
18-Nov-18,174.18,179.15,174.18,177.07,"1,810,920,000","18,288,411,984"
19-Nov-18,177.18,177.18,147.85,149.18,"2,745,160,000","15,410,551,811"
20-Nov-18,148.81,151.25,126.36,130.34,"3,134,410,000","13,467,303,239"
21-Nov-18,131.14,138.89,125.76,136.7,"2,685,930,000","14,127,420,909"
22-Nov-18,136.81,137.74,126.71,126.71,"1,792,150,000","13,097,009,562"
23-Nov-18,126.42,127.03,119.56,123.3,"1,998,010,000","12,747,016,419"
24-Nov-18,123.3,126.79,110.83,113.49,"1,800,960,000","11,735,901,799"
25-Nov-18,113.13,118.88,101.77,116.45,"2,466,750,000","12,043,900,588"
26-Nov-18,116.34,118.2,104.89,108.34,"2,139,490,000","11,206,775,318"
27-Nov-18,107.91,111.84,102.45,110.01,"2,320,010,000","11,382,216,773"
28-Nov-18,110.2,126.05,110.2,122.44,"2,673,470,000","12,670,491,119"
29-Nov-18,122.72,123.23,115.3,117.54,"2,196,099,151","12,166,285,642"
30-Nov-18,117.73,119.42,111.74,113.17,"2,020,748,396","11,716,096,076"
01-Dec-18,113.4,120.84,111.62,118.64,"2,131,475,768","12,284,117,522"
02-Dec-18,118.27,120.56,116.09,116.39,"1,856,199,149","12,053,770,487"
03-Dec-18,116.38,116.62,107.42,108.93,"1,772,756,193","11,282,911,404"
04-Dec-18,108.8,113.14,107.4,110.21,"1,748,116,495","11,418,617,063"
05-Dec-18,110.34,110.6,102.48,102.48,"1,990,157,607","10,618,884,099"
06-Dec-18,102.45,104.1,91.76,91.76,"2,310,716,932","9,510,417,097"
07-Dec-18,91.65,96.09,83.47,93.29,"2,554,304,530","9,671,177,427"
08-Dec-18,93.41,97.06,86.83,92.16,"1,855,759,401","9,555,327,946"
09-Dec-18,92.04,98.9,91.03,95.14,"1,875,567,180","9,866,414,732"
10-Dec-18,94.99,96.26,90.65,91.69,"1,756,437,577","9,509,816,315"
11-Dec-18,91.58,92.78,87.69,88.95,"1,707,497,898","9,227,301,064"
12-Dec-18,88.61,92.24,88.26,90.59,"1,533,050,103","9,400,044,026"
13-Dec-18,90.66,91.11,85.52,86.54,"1,754,475,622","8,981,108,543"
14-Dec-18,86.63,87.14,83.23,84.31,"1,651,491,877","8,751,209,554"
15-Dec-18,84.28,85.34,82.83,84.44,"1,496,176,898","8,766,638,124"
16-Dec-18,84.47,87.57,84.47,85.26,"1,565,817,037","8,853,567,311"
17-Dec-18,85.38,96.81,85.38,95.13,"2,101,453,024","9,880,456,239"
18-Dec-18,95.11,101.32,92.97,101.11,"2,277,514,076","10,503,295,749"
19-Dec-18,101.68,108.55,100.69,101.27,"2,456,482,115","10,521,416,481"
20-Dec-18,101.09,117.17,100.64,116.22,"3,063,842,618","12,076,674,310"
21-Dec-18,115.84,119.09,107.58,109.5,"2,632,539,990","11,380,357,569"
22-Dec-18,109.46,116.76,107.5,116.76,"2,338,772,939","12,137,481,655"
23-Dec-18,117.27,133.08,117.27,130.77,"3,579,715,061","13,595,887,732"
24-Dec-18,130.64,157.67,130.64,140.24,"4,370,343,387","14,583,457,939"
25-Dec-18,141,141,125.11,129.84,"3,298,280,609","13,505,089,290"
26-Dec-18,129.89,136.68,126.29,131.87,"2,720,469,126","13,717,858,346"
27-Dec-18,131.92,132.68,115.65,116.58,"2,612,804,378","12,129,493,222"
28-Dec-18,116.9,137.65,115.69,137.65,"3,130,201,009","14,324,511,544"
29-Dec-18,138.47,147.03,134.57,138.02,"3,169,029,972","14,365,797,196"
30-Dec-18,137.63,140.69,133.98,139.86,"2,660,086,834","14,560,066,114"
31-Dec-18,140.03,140.18,132.52,133.37,"2,358,360,234","13,886,837,730"
01-Jan-19,133.42,141.4,132.65,140.82,"2,258,709,868","14,665,318,370"
02-Jan-19,141.52,156.93,140.65,155.05,"3,328,240,369","16,150,049,902"
03-Jan-19,155.2,155.86,147.2,149.14,"2,676,164,880","15,536,849,936"
04-Jan-19,148.91,156.88,147.91,154.58,"3,126,192,535","16,107,068,093"
05-Jan-19,154.34,160.82,154.34,155.64,"3,338,211,928","16,219,974,745"
06-Jan-19,155.8,159.37,152.09,157.75,"3,231,294,371","16,442,429,109"
07-Jan-19,157.81,158.45,151.15,151.7,"2,712,108,388","15,814,868,678"
08-Jan-19,151.97,153.63,148.67,150.36,"2,459,808,140","15,677,889,902"
09-Jan-19,150.55,153.62,150.29,150.8,"2,369,241,197","15,726,845,711"
10-Jan-19,150.84,152.15,126.53,128.63,"3,397,734,456","13,416,263,931"
11-Jan-19,127.81,130.17,125.24,127.55,"2,667,585,234","13,306,214,134"
12-Jan-19,127.53,128.67,125.45,125.97,"2,212,109,224","13,143,426,379"
13-Jan-19,125.91,126.27,116.09,116.9,"2,268,263,944","12,199,288,487"
14-Jan-19,116.98,130.86,116.97,129.07,"2,798,085,735","13,471,754,802"
15-Jan-19,129.17,130.74,120.31,122.03,"2,735,449,164","12,739,543,688"
16-Jan-19,121.81,127.12,121.44,123.55,"2,746,469,340","12,899,812,275"
17-Jan-19,123.57,124.27,120.82,123.74,"2,594,091,285","12,922,347,330"
18-Jan-19,123.65,123.84,120.24,121.01,"2,305,389,800","12,639,234,713"
19-Jan-19,121.61,125.9,121.16,124.52,"3,048,261,797","13,007,954,846"
20-Jan-19,124.63,125.07,118.7,119.47,"2,964,108,269","12,483,136,112"
21-Jan-19,119.64,119.72,116.16,117.16,"2,421,720,343","12,242,940,197"
22-Jan-19,117.11,119.66,114.68,118.75,"2,552,507,405","12,410,972,241"
23-Jan-19,118.71,119.42,116.38,117.45,"2,556,952,198","12,277,481,872"
24-Jan-19,117.46,118.03,116.01,117.36,"2,520,843,420","12,269,992,351"
25-Jan-19,117.59,117.8,115.83,116.38,"2,606,881,898","12,168,932,300"
26-Jan-19,116.37,118.08,115.98,116.49,"2,412,181,169","12,182,338,148"
27-Jan-19,116.51,116.69,113.41,113.41,"2,775,888,287","11,861,671,822"
28-Jan-19,113.29,113.69,103.34,106.59,"3,366,895,505","11,150,461,958"
29-Jan-19,106.72,107.17,104,105.6,"2,900,418,606","11,048,347,342"
30-Jan-19,105.41,109.45,104.84,108.91,"2,874,370,355","11,396,282,341"
31-Jan-19,108.9,110.46,106.53,107.06,"2,828,796,031","11,204,735,502"
01-Feb-19,107.15,108.64,105.05,107.61,"2,541,271,519","11,263,815,610"
02-Feb-19,107.47,110.65,106.76,110.43,"2,385,157,838","11,560,765,573"
03-Feb-19,110.49,110.83,106.56,107.49,"2,519,334,757","11,254,870,706"
04-Feb-19,107.63,108.7,107.07,107.82,"2,491,888,675","11,290,969,364"
05-Feb-19,107.63,108.13,106.91,107.44,"2,515,863,999","11,253,035,388"
06-Feb-19,107.57,107.57,102.93,104.92,"2,593,048,199","10,990,266,833"
07-Feb-19,104.84,106.06,104.41,104.54,"2,326,764,622","10,951,652,648"
08-Feb-19,104.65,119.81,104.19,119.27,"3,656,841,347","12,496,945,336"
09-Feb-19,119.21,120.69,118,119.43,"2,884,650,400","12,515,870,173"
10-Feb-19,119.41,124.85,117.11,124.81,"3,148,766,590","13,080,881,910"
11-Feb-19,124.87,124.87,120.31,121.3,"3,222,473,887","12,714,795,026"
12-Feb-19,121.18,123.47,119.6,122.57,"3,149,576,429","12,849,965,121"
13-Feb-19,122.54,125.55,121.61,122.55,"3,386,585,799","12,849,605,819"
14-Feb-19,122.42,124.45,121.33,121.39,"3,331,701,628","12,729,213,675"
15-Feb-19,121.45,123.66,121.37,122.1,"3,021,741,615","12,805,280,766"
16-Feb-19,122.4,124.13,122.3,123.26,"2,905,833,287","12,928,550,184"
17-Feb-19,123.18,134.46,123.09,133.6,"4,236,081,130","14,014,695,490"
18-Feb-19,133.03,147.69,133,146.1,"5,387,525,773","15,327,852,479"
19-Feb-19,146.4,149.93,145.13,145.35,"5,310,842,625","15,250,901,019"
20-Feb-19,145.17,149.55,142.5,149.55,"4,500,094,965","15,694,462,393"
21-Feb-19,149.35,149.35,144.56,146.13,"3,995,766,856","15,337,145,738"
22-Feb-19,146.07,149.27,145.21,149.09,"3,731,099,284","15,649,961,167"
23-Feb-19,148.68,159.13,147.33,158.8,"4,519,468,458","16,670,632,412"
24-Feb-19,158.9,165.55,135.85,135.85,"5,957,715,043","14,263,873,721"
25-Feb-19,135.5,142.53,135.48,139.82,"4,914,392,068","14,682,597,926"
26-Feb-19,139.65,139.98,136.58,138.09,"3,791,292,839","14,502,464,167"
27-Feb-19,138.03,141.34,131.6,136.13,"4,469,776,860","14,298,070,644"
28-Feb-19,136.28,138.85,135.66,136.75,"4,535,438,953","14,365,118,213"
01-Mar-19,136.84,139,136.43,136.44,"3,756,124,824","14,335,957,425"
02-Mar-19,136.35,137.18,132.44,134.21,"3,747,176,425","14,103,698,392"
03-Mar-19,134.79,135.85,131.33,132.25,"3,454,374,053","13,900,679,027"
04-Mar-19,132.16,132.73,125.4,127.77,"4,008,171,341","13,432,896,659"
05-Mar-19,127.79,138.23,126.74,137.82,"4,764,849,990","14,492,117,352"
06-Mar-19,137.96,139.97,136.15,138.79,"4,589,054,219","14,590,867,639"
07-Mar-19,138.94,140.86,137.27,138.03,"4,339,206,292","14,513,398,954"
08-Mar-19,138.31,139.5,133.56,135.13,"4,678,816,794","14,209,542,041"
09-Mar-19,134.89,139.12,134.68,137.97,"5,011,918,715","14,509,873,018"
10-Mar-19,138.18,138.27,135.69,136.76,"4,578,438,499","14,384,860,876"
11-Mar-19,136.85,137.35,133.1,133.83,"4,689,807,419","14,079,044,648"
12-Mar-19,134.01,135.27,130.94,134.44,"4,709,988,000","14,144,929,392"
13-Mar-19,134.61,134.61,132.72,133.26,"4,265,162,099","14,022,610,219"
14-Mar-19,133.2,135.18,132.75,133.71,"4,476,532,147","14,071,628,064"
15-Mar-19,133.57,138.4,133.57,137.69,"4,506,861,856","14,492,364,551"
16-Mar-19,137.91,144.56,137.91,142.4,"4,839,003,569","14,989,691,491"
17-Mar-19,142.24,142.37,139.32,140,"3,827,157,729","14,739,201,597"
18-Mar-19,140.1,142.27,138.84,139.37,"4,551,739,879","14,675,181,094"
19-Mar-19,139.25,140.99,139.14,140.52,"4,251,488,129","14,797,612,389"
20-Mar-19,140.48,140.95,138.31,140.69,"4,664,134,462","14,817,151,375"
21-Mar-19,140.48,141,135.86,136.64,"5,087,247,796","14,392,427,839"
22-Mar-19,136.56,138.79,136.23,137.18,"4,490,899,266","14,451,740,115"
23-Mar-19,137.04,139.39,136.91,138.24,"4,436,568,613","14,565,143,357"
24-Mar-19,138.32,138.38,136.31,136.99,"4,266,845,458","14,434,995,337"
25-Mar-19,137.08,137.7,133.49,135.03,"4,480,516,753","14,230,733,149"
26-Mar-19,135.05,135.46,133.76,135.46,"4,499,271,679","14,277,816,266"
27-Mar-19,135.45,141.08,135.34,140.99,"5,228,240,093","14,862,394,451"
28-Mar-19,141.01,141.01,138.43,139.42,"4,163,212,475","14,698,609,599"
29-Mar-19,139.34,142.55,138.05,142.5,"5,125,602,702","15,025,361,637"
30-Mar-19,142.36,149.61,141.03,142.09,"5,144,662,127","14,984,615,423"
31-Mar-19,142.14,142.19,140.7,141.51,"4,249,050,197","14,925,533,137"
01-Apr-19,141.47,142.73,140.74,141.83,"4,611,999,536","14,960,828,861"
02-Apr-19,141.84,165.23,141.64,163.96,"9,826,645,698","17,297,572,365"
03-Apr-19,164.01,178.32,157.32,161.46,"10,622,456,246","17,035,703,564"
04-Apr-19,161.43,164.93,155.24,158.05,"7,953,123,529","16,678,477,300"
05-Apr-19,158.02,167.22,157.44,165.51,"7,531,316,908","17,468,192,986"
06-Apr-19,165.51,172.52,161.8,165.95,"7,167,016,221","17,516,082,778"
07-Apr-19,165.98,175.21,164.93,174.53,"7,596,176,020","18,424,576,820"
08-Apr-19,174.45,184.38,174.16,180.26,"9,304,964,610","19,031,640,376"
09-Apr-19,180.22,180.25,175.09,176.11,"7,632,529,578","18,596,496,042"
10-Apr-19,176.07,183.13,175.23,177.34,"7,856,924,879","18,728,058,767"
11-Apr-19,177.34,177.49,162.32,165.5,"7,859,383,417","17,479,876,008"
12-Apr-19,165.34,166.13,161.03,164.74,"6,237,185,309","17,401,765,647"
13-Apr-19,164.62,166.36,163.01,164.51,"4,959,301,561","17,380,468,169"
14-Apr-19,164.48,168.59,162.78,167.84,"4,846,298,303","17,734,050,269"
15-Apr-19,167.9,168.82,159.56,161.57,"5,672,311,824","17,074,367,783"
16-Apr-19,161.53,167.67,160.89,167.62,"5,180,105,341","17,715,913,572"
17-Apr-19,167.55,168.94,165.5,166.95,"5,596,102,715","17,647,086,048"
18-Apr-19,166.91,175.37,166.67,173.81,"6,971,581,464","18,374,913,022"
19-Apr-19,173.79,173.98,170.62,173.71,"6,541,053,061","18,366,130,180"
20-Apr-19,173.72,176.71,171.79,173.75,"6,142,567,812","18,373,023,202"
21-Apr-19,173.72,174.42,167.43,170.05,"6,005,571,688","17,983,602,095"
22-Apr-19,170.02,173.07,168.73,171.87,"6,094,878,077","18,179,292,263"
23-Apr-19,172.01,176.85,170.9,171.45,"7,097,827,092","18,136,462,572"
24-Apr-19,171.35,171.57,161.98,165.83,"7,351,304,156","17,544,029,659"
25-Apr-19,165.91,166.51,153.85,154.46,"6,820,332,362","16,343,573,973"
26-Apr-19,154.58,158.03,152.09,156.35,"7,505,283,355","16,545,462,357"
27-Apr-19,156.27,160.59,155.62,158.43,"5,863,109,118","16,768,575,998"
28-Apr-19,158.5,159.57,157.13,157.3,"5,379,894,433","16,650,076,837"
29-Apr-19,157.29,158.33,153.19,155.2,"6,053,776,253","16,430,642,271"
30-Apr-19,155.17,162.43,155.17,162.17,"6,275,803,460","17,170,110,493"
01-May-19,162.19,164.06,159.66,160.82,"5,789,172,433","17,029,616,915"
02-May-19,160.85,162.94,160.06,162.12,"6,044,171,062","17,169,962,760"
03-May-19,162.08,170.07,161.08,167.95,"7,299,410,672","17,789,626,262"
04-May-19,167.89,170.65,161.79,164.03,"6,658,100,049","17,376,070,198"
05-May-19,164.02,165.4,159.7,163.45,"5,938,415,562","17,317,292,591"
06-May-19,163.34,175.76,159.99,172.65,"7,540,096,853","18,294,624,766"
07-May-19,172.43,180.39,169.69,169.8,"8,411,140,170","17,994,460,619"
08-May-19,169.9,172.18,166.41,170.95,"6,416,569,598","18,118,602,844"
09-May-19,170.95,172.88,167.25,170.29,"6,546,914,198","18,051,087,500"
10-May-19,170.31,175.89,168.99,173.14,"8,036,919,053","18,355,936,406"
11-May-19,173.14,203.47,173.14,194.3,"12,578,331,654","20,602,050,120"
12-May-19,194.16,201.88,183.65,187.33,"10,326,050,090","19,864,635,091"
13-May-19,187.42,205.1,185.31,196.85,"10,367,149,039","20,876,934,045"
14-May-19,196.74,217.87,196.05,217.15,"12,751,049,755","23,033,114,137"
15-May-19,217.01,247.45,216.82,247.15,"13,460,006,534","26,219,111,162"
16-May-19,246.94,275.39,245.8,264.01,"18,661,465,873","28,010,958,253"
17-May-19,263.85,266.98,227.77,243.76,"16,037,551,694","25,866,318,005"
18-May-19,243.91,246.36,233.1,234.6,"10,933,142,646","24,896,520,187"
19-May-19,234.45,263.74,233.76,261.29,"12,049,250,894","27,733,299,057"
20-May-19,261.27,261.55,241.8,251.86,"10,834,541,285","26,736,046,292"
21-May-19,251.65,262.11,248.2,255.22,"11,545,049,593","27,095,257,004"
22-May-19,255,258.8,242.73,244.7,"9,818,257,463","25,982,060,192"
23-May-19,244.67,247.62,233.79,245.97,"10,671,663,487","26,119,891,327"
24-May-19,245.99,255.26,243.24,249.48,"9,929,433,206","26,497,014,858"
25-May-19,249.69,257.36,249.09,251.76,"8,924,985,385","26,742,086,786"
26-May-19,251.72,269.17,247.25,267.07,"9,664,267,731","28,371,943,145"
27-May-19,267.14,278.51,265.44,272.86,"12,074,664,736","28,991,071,396"
28-May-19,272.59,274.32,267.51,271.77,"10,362,846,898","28,878,512,607"
29-May-19,271.78,273.76,263.09,269.46,"9,819,132,174","28,636,457,373"
30-May-19,269.55,287.2,247.35,255.86,"13,604,268,584","27,194,892,741"
31-May-19,256.02,268.66,249.11,268.11,"11,255,023,515","28,501,098,831"
01-Jun-19,268.43,273.56,263.52,265.39,"9,942,869,852","28,215,330,784"
02-Jun-19,265.51,272.81,265.04,270.23,"8,744,111,713","28,732,949,885"
03-Jun-19,270.09,270.33,251.26,252.61,"9,375,712,917","26,863,086,906"
04-Jun-19,252.51,252.51,236.13,241.34,"10,132,549,747","25,667,971,281"
05-Jun-19,241.5,248.14,239.98,247.05,"8,548,917,062","26,278,874,480"
06-Jun-19,246.93,249.94,238.5,249.47,"8,265,146,806","26,540,057,659"
07-Jun-19,249.34,254.35,246.6,250.93,"8,379,534,528","26,698,353,830"
08-Jun-19,251.25,252.38,243.23,245.74,"7,225,996,863","26,149,221,979"
09-Jun-19,245.54,245.97,229.26,233.09,"7,566,421,456","24,806,123,509"
10-Jun-19,232.83,247.66,229.34,247.52,"8,141,159,848","26,345,596,475"
11-Jun-19,247.86,248.66,239.83,245.78,"7,382,269,700","26,163,906,569"
12-Jun-19,245.93,261.02,244.49,260.9,"8,645,598,618","27,777,154,177"
13-Jun-19,260.91,262.16,255.6,256.17,"8,442,077,836","27,276,572,627"
14-Jun-19,256.18,265.37,254.15,264.09,"8,676,891,267","28,123,338,884"
15-Jun-19,263.93,271.51,262.12,269.02,"8,126,853,944","28,652,203,067"
16-Jun-19,268.9,278.14,265.54,269.22,"9,676,746,453","28,677,606,760"
17-Jun-19,269.09,275.44,268.35,274.35,"6,009,795,781","29,227,567,867"
18-Jun-19,274.32,274.32,263.14,265.05,"6,205,242,504","28,240,458,529"
19-Jun-19,265.06,270.33,264.75,269.43,"5,516,510,947","28,710,780,975"
20-Jun-19,269.41,274.07,265.5,271.7,"6,408,981,097","28,955,655,290"
21-Jun-19,271.74,295.3,271.74,294.91,"9,331,694,140","31,433,771,859"
22-Jun-19,295.12,315.19,294.73,309.38,"10,613,731,255","32,980,338,717"
23-Jun-19,309.42,318.57,305.76,307.83,"8,161,062,380","32,819,043,043"
24-Jun-19,307.72,312.33,299.56,310.42,"8,205,712,062","33,100,160,024"
25-Jun-19,310.68,318.13,307.64,318.13,"9,641,764,965","33,925,713,000"
26-Jun-19,317.99,361.4,315.95,336.75,"16,437,084,081","35,916,727,561"
27-Jun-19,336.96,343.43,278.57,294.27,"14,038,092,503","31,389,390,615"
28-Jun-19,294.14,313.03,292.94,311.23,"11,514,656,820","33,202,586,960"
29-Jun-19,311.28,322.04,294.75,320.06,"10,929,374,565","34,149,263,832"
30-Jun-19,319.58,322.79,290.7,290.7,"10,303,111,000","31,020,295,932"
01-Jul-19,290.27,301.03,280.02,293.64,"10,292,223,948","31,338,571,563"
02-Jul-19,293.54,295.66,272.6,291.6,"10,618,413,952","31,124,332,021"
03-Jul-19,291.76,303.34,291.4,303.1,"9,926,711,979","32,356,299,765"
04-Jul-19,303.03,303.96,282.77,284.52,"8,403,513,106","30,377,082,394"
05-Jul-19,284.38,293.92,282.69,288,"8,723,493,015","30,751,916,427"
06-Jul-19,287.89,295.99,286.67,287.55,"7,674,615,025","30,707,785,756"
07-Jul-19,287.6,310.14,286.11,305.7,"8,119,724,981","32,650,611,906"
08-Jul-19,305.73,314.27,303.5,313.25,"9,078,905,628","33,461,369,498"
09-Jul-19,313.33,318.22,305.29,308.88,"10,055,159,803","32,998,749,928"
10-Jul-19,308.85,313.07,285.57,290,"11,679,985,167","30,985,827,113"
11-Jul-19,289.95,290.02,266.09,268.7,"10,216,287,022","28,713,849,048"
12-Jul-19,268.69,278.86,268,276.28,"8,148,936,015","29,526,802,979"
13-Jul-19,276.29,276.69,263.07,269.46,"6,716,829,429","28,801,816,023"
14-Jul-19,269.28,269.64,227.27,227.58,"8,578,339,386","24,328,422,207"
15-Jul-19,227.97,235.03,210.39,229.78,"9,723,674,244","24,566,488,597"
16-Jul-19,229.75,234.51,197.38,199.19,"9,036,620,494","21,298,941,499"
17-Jul-19,199.07,217.98,193.99,211.48,"9,387,747,640","22,616,651,114"
18-Jul-19,211.44,229.24,208.04,226.57,"9,327,816,059","24,232,572,603"
19-Jul-19,226.66,226.94,215.84,221.33,"7,606,433,131","23,675,884,534"
20-Jul-19,221.41,234.2,221.19,229.12,"7,976,245,988","24,511,869,214"
21-Jul-19,229.17,229.86,219.03,225.63,"6,685,082,868","24,141,704,293"
22-Jul-19,225.7,226.86,213.45,217.56,"6,338,843,919","23,281,138,563"
23-Jul-19,217.57,218.52,209.64,212.73,"6,976,091,534","22,767,023,810"
24-Jul-19,212.55,217.54,203.89,217.05,"7,168,982,843","23,232,101,232"
25-Jul-19,216.97,224.25,216.14,219.62,"6,731,281,160","23,510,336,984"
26-Jul-19,219.63,220.24,214.13,219.63,"5,729,852,178","23,514,586,698"
27-Jul-19,219.62,223.52,204.9,207.41,"6,257,703,908","22,208,955,063"
28-Jul-19,207.41,212.04,202.25,211.19,"5,504,887,934","22,616,386,468"
29-Jul-19,211.12,213.93,208.76,211.27,"5,485,190,664","22,627,969,069"
30-Jul-19,211.34,213.61,206.87,210.52,"5,489,918,859","22,551,013,736"
31-Jul-19,210.49,218.65,210.44,218.65,"6,003,828,340","23,425,015,630"
01-Aug-19,218.55,218.81,212.91,217.81,"5,965,442,642","23,337,361,749"
02-Aug-19,217.88,222.18,215.98,217.87,"6,159,440,229","23,347,127,327"
03-Aug-19,217.9,224.62,217.33,222.49,"5,697,798,687","23,845,116,864"
04-Aug-19,222.58,224.23,218.49,222.67,"5,238,542,572","23,867,371,249"
05-Aug-19,222.65,235.64,222.6,234.22,"7,765,060,287","25,108,076,876"
06-Aug-19,234.25,239.12,223.55,226.02,"7,647,742,672","24,232,708,406"
07-Aug-19,225.93,229.66,222.78,226.39,"7,020,342,210","24,275,514,217"
08-Aug-19,226.52,226.77,216.52,220.94,"6,713,525,644","23,694,202,562"
09-Aug-19,220.91,221.36,208.25,210.49,"6,964,818,795","22,576,055,651"
10-Aug-19,210.53,213.73,203.79,206.73,"6,584,748,527","22,176,113,561"
11-Aug-19,206.73,216.6,206.51,216.09,"6,440,605,605","23,183,002,869"
12-Aug-19,216.06,216.14,210.95,211.29,"5,674,315,559","22,670,420,643"
13-Aug-19,211.34,211.38,205.42,208.71,"5,946,313,205","22,396,531,009"
14-Aug-19,208.6,209.07,186.33,186.61,"7,444,456,154","20,027,397,541"
15-Aug-19,186.68,189.46,178.14,188.5,"8,197,244,441","20,233,249,251"
16-Aug-19,188.64,188.91,180.38,185.44,"7,133,915,837","19,907,120,204"
17-Aug-19,185.53,186.7,182.59,185.69,"5,512,696,513","19,936,235,953"
18-Aug-19,185.84,197.52,183.69,194.49,"5,969,012,024","20,884,307,088"
19-Aug-19,194.56,203.56,193.11,203.09,"6,145,148,692","21,810,324,618"
20-Aug-19,202.81,203.02,195.62,196.57,"6,408,417,610","21,112,106,339"
21-Aug-19,196.62,197.03,182.69,186.89,"7,775,772,700","20,075,644,245"
22-Aug-19,186.94,194.42,183.38,191.33,"7,569,043,874","20,555,295,233"
23-Aug-19,191.11,195.91,189.56,194.71,"6,658,162,377","20,920,364,879"
24-Aug-19,194.67,194.78,187.63,191.29,"6,249,737,982","20,555,802,874"
25-Aug-19,191.23,192.16,184.96,186.84,"5,826,017,143","20,080,495,261"
26-Aug-19,186.74,193.44,186.74,188.93,"7,207,986,636","20,307,338,403"
27-Aug-19,188.95,188.96,185.47,187.52,"6,042,327,402","20,158,029,984"
28-Aug-19,187.5,187.93,172.19,173.89,"6,696,604,087","18,695,530,287"
29-Aug-19,173.96,174,167.17,169.52,"7,129,569,083","18,227,677,831"
30-Aug-19,169.49,170.77,167.07,168.83,"5,776,520,220","18,156,660,601"
31-Aug-19,168.89,174.32,167.8,172.47,"5,830,212,249","18,549,906,272"
01-Sep-19,172.46,173.7,169.53,171.63,"5,554,799,576","18,461,846,968"
02-Sep-19,171.7,180.15,170.45,178.35,"6,503,447,137","19,186,913,439"
03-Sep-19,178.36,182.35,175.97,179.5,"6,962,728,938","19,313,265,198"
04-Sep-19,179.49,180.14,175.33,175.99,"5,938,120,494","18,938,360,723"
05-Sep-19,175.97,176.16,171.75,174.22,"5,589,476,516","18,749,645,579"
06-Sep-19,174.17,177.72,168.34,169.96,"6,797,611,878","18,293,376,881"
07-Sep-19,169.96,180.85,169.44,178.26,"6,791,531,342","19,189,873,689"
08-Sep-19,178.28,182.98,178.14,181.36,"6,472,677,266","19,525,276,831"
09-Sep-19,181.36,184.15,177.42,181.15,"7,232,938,985","19,505,534,124"
10-Sep-19,181.21,184.06,178.12,179.79,"6,291,476,772","19,361,276,593"
11-Sep-19,179.84,181.76,176.5,178.73,"7,157,139,035","19,249,367,782"
12-Sep-19,178.8,182,177.85,181.02,"5,838,605,477","19,498,542,852"
13-Sep-19,180.98,181.5,178.58,181.11,"5,955,041,237","19,511,050,764"
14-Sep-19,181.32,188.45,180.37,188.11,"6,500,686,511","20,267,272,633"
15-Sep-19,188.07,190.4,186.45,189.79,"6,222,874,780","20,451,239,362"
16-Sep-19,189.69,198.2,189.69,197.11,"8,242,029,488","21,243,167,877"
17-Sep-19,197.11,213.73,196.72,208.61,"10,232,590,812","22,484,889,435"
18-Sep-19,208.05,216.71,208.05,211.39,"9,194,634,557","22,787,891,774"
19-Sep-19,211.25,222.87,204.69,221.28,"10,620,070,913","23,856,751,722"
20-Sep-19,221.07,221.6,215.16,218.05,"8,027,974,273","23,511,410,671"
21-Sep-19,217.9,220.96,215,215.52,"7,743,309,778","23,241,121,351"
22-Sep-19,215.49,216.09,207.64,211.55,"7,812,854,576","22,815,755,536"
23-Sep-19,211.71,211.84,201.89,201.92,"7,494,673,136","21,780,534,855"
24-Sep-19,201.84,203.5,162.73,168.11,"11,757,739,233","18,135,747,380"
25-Sep-19,168.13,174.72,164.91,170.89,"9,766,632,018","18,438,188,568"
26-Sep-19,170.76,171.69,157.13,166.73,"7,848,286,154","17,991,000,062"
27-Sep-19,166.65,175.61,163.21,174.71,"7,909,313,625","18,854,855,889"
28-Sep-19,174.68,175.78,170.77,174.57,"6,895,423,445","18,842,313,324"
29-Sep-19,174.61,175.21,167,170.5,"6,497,088,199","18,405,401,315"
30-Sep-19,170.46,179.87,167.04,179.87,"7,552,915,148","19,419,149,343"
01-Oct-19,180.21,185.05,175.81,177.34,"7,676,276,225","19,148,222,892"
02-Oct-19,177.22,180.83,175.33,180.71,"6,335,595,250","19,514,521,236"
03-Oct-19,180.7,180.8,172.6,175.2,"6,381,403,725","18,921,747,814"
04-Oct-19,175.24,178.55,173.56,176.99,"6,248,928,449","19,116,991,692"
05-Oct-19,176.95,177.71,173.07,176.35,"5,837,211,771","19,050,956,367"
06-Oct-19,176.36,177.36,171.3,173.06,"5,852,890,674","18,697,637,484"
07-Oct-19,172.94,182.36,171.53,181.19,"7,844,316,834","19,578,142,143"
08-Oct-19,181.11,184.36,179.13,182.02,"7,466,282,780","19,670,825,764"
09-Oct-19,182.04,194.3,180.67,193.29,"9,088,122,101","20,891,536,595"
10-Oct-19,193.19,193.9,188.31,191.66,"8,375,913,276","20,717,535,747"
11-Oct-19,191.8,195.32,181.66,182.57,"9,128,522,970","19,737,401,838"
12-Oct-19,182.53,186.3,179.98,180.83,"7,494,328,840","19,551,368,532"
13-Oct-19,180.86,185.08,180.32,182.08,"6,733,182,273","19,688,808,994"
14-Oct-19,182.03,187.3,181.66,186.96,"7,276,520,699","20,219,637,357"
15-Oct-19,186.98,187.76,179.46,181.41,"7,731,456,579","19,621,350,993"
16-Oct-19,181.34,181.67,174.06,176.01,"7,691,244,590","19,040,429,002"
17-Oct-19,175.91,178.9,174.57,178.03,"6,737,237,423","19,260,755,682"
18-Oct-19,177.99,178.18,171.01,173.62,"7,566,257,807","18,786,275,035"
19-Oct-19,173.65,175.61,172.22,172.91,"6,551,453,871","18,711,940,303"
20-Oct-19,172.97,176.72,171.21,175.53,"6,801,091,120","18,997,957,789"
21-Oct-19,175.52,177.74,173.29,174.92,"6,815,820,627","18,933,882,640"
22-Oct-19,174.91,175.65,172.27,172.3,"6,990,951,966","18,652,588,580"
23-Oct-19,172.26,172.42,157.46,162.4,"9,624,925,919","17,583,244,177"
24-Oct-19,162.51,164.15,160.89,162.17,"7,300,917,537","17,560,021,218"
25-Oct-19,162.19,183,161.97,181.52,"10,358,594,018","19,658,140,299"
26-Oct-19,181.67,195.94,176.13,179.84,"13,831,784,986","19,477,741,705"
27-Oct-19,179.93,188.16,177.68,184.24,"10,815,941,952","19,957,408,085"
28-Oct-19,184.4,187.88,180.25,182.66,"10,406,734,124","19,788,729,316"
29-Oct-19,182.67,191.85,182.36,190.34,"10,622,761,958","20,623,205,054"
30-Oct-19,190.34,191.11,181.55,184.69,"10,484,902,804","20,013,431,227"
31-Oct-19,184.8,188.75,180.07,183.97,"9,607,939,606","19,937,256,794"
01-Nov-19,183.8,185.06,181.09,183.97,"9,145,611,130","19,940,014,311"
02-Nov-19,184.02,185.71,182.8,183.93,"8,087,991,830","19,937,622,287"
03-Nov-19,183.99,185.02,179.82,182.43,"8,760,247,744","19,777,347,724"
04-Nov-19,182.32,188.02,181.82,186.36,"10,551,917,945","20,205,859,402"
05-Nov-19,186.31,191.26,184.33,189.3,"10,024,177,342","20,528,094,420"
06-Nov-19,189.11,193.55,188.67,191.59,"10,156,458,684","20,778,894,603"
07-Nov-19,191.5,191.86,186.57,187.98,"9,081,247,799","20,389,037,934"
08-Nov-19,187.92,188.82,182.54,184.21,"9,176,780,911","19,983,058,356"
09-Nov-19,184.31,185.84,183.9,185.03,"7,277,418,704","20,074,095,541"
10-Nov-19,184.94,190.92,184.69,189.48,"8,752,784,211","20,559,121,065"
11-Nov-19,189.5,190.34,185.09,185.49,"7,877,424,106","20,128,792,760"
12-Nov-19,185.56,187.95,184.19,186.84,"7,792,186,666","20,278,071,676"
